{
  "measured_value": 0.0011659206899999998,
  "stat_err": 4.1000000000000003e-10,
  "sys_err": 4.2e-10,
  "sm_pred": 0.001165918,
  "salt_pred": 0.00116591878
}