{
  "measured_value": 0.0011659206299999998,
  "stat_err": 4e-10,
  "sys_err": 4.5e-10,
  "sm_pred": 0.00116591815,
  "salt_pred": 0.0011659189
}