{
  "measured_value": 0.00116592045,
  "stat_err": 4.1000000000000003e-10,
  "sys_err": 4.4e-10,
  "sm_pred": 0.0011659181,
  "salt_pred": 0.0011659188800000001
}