{
  "measured_value": 0.0011659206899999998,
  "stat_err": 4e-10,
  "sys_err": 4.3e-10,
  "sm_pred": 0.00116591805,
  "salt_pred": 0.0011659188
}