{
  "measured_value": 0.0011659205699999999,
  "stat_err": 4.2e-10,
  "sys_err": 4.4e-10,
  "sm_pred": 0.0011659181,
  "salt_pred": 0.00116591891
}