{
  "measured_value": 0.0011659205099999999,
  "stat_err": 4.1000000000000003e-10,
  "sys_err": 4.3e-10,
  "sm_pred": 0.00116591805,
  "salt_pred": 0.00116591883
}