{
  "measured_value": 0.0011659205699999999,
  "stat_err": 4.1000000000000003e-10,
  "sys_err": 4.5e-10,
  "sm_pred": 0.00116591815,
  "salt_pred": 0.0011659189300000001
}