{
  "measured_value": 0.0011659205099999999,
  "stat_err": 4.2e-10,
  "sys_err": 4.5e-10,
  "sm_pred": 0.00116591815,
  "salt_pred": 0.00116591896
}